model,population,horizon,MSE,RMSE (m/s²)
Period-routed ridge,established,1,0.01263958098294936,0.11242589107029288
Period-routed ridge,established,2,0.011416240965575582,0.10684681074124572
Period-routed ridge,established,3,0.013944400197483203,0.11808640987634099
Period-routed ridge,established,4,0.013859419512982321,0.11772603583312538
Period-routed ridge,established,5,0.01470702597121165,0.12127252768542285
Period-routed ridge,established,6,0.01326627048928191,0.11517929713833953
Period-routed ridge,established,7,0.016529745683517973,0.12856805856634054
Period-routed ridge,established,8,0.01594695007176675,0.12628123404436128
Period-routed ridge,established,9,0.018139016265940305,0.134681165223428
Period-routed ridge,established,10,0.0161186559342248,0.12695926879997696
Period-routed ridge,established,11,0.01883417535966274,0.1372376601362131
Period-routed ridge,established,12,0.015740650507463108,0.1254617491806292
Period-routed ridge,established,13,0.016425697415118463,0.12816277702639897
Period-routed ridge,established,14,0.01583025826759746,0.12581835425563895
Period-routed ridge,established,15,0.016617610293984772,0.12890931034640118
Period-routed ridge,established,16,0.016588476756829243,0.128796260647696
Period-routed ridge,established,17,0.017746962561735375,0.13321772615434996
Period-routed ridge,established,18,0.01574525342728842,0.125480091756774
Period-routed ridge,established,19,0.019983596321495194,0.1413633485790967
Period-routed ridge,established,20,0.01895464321124049,0.13767586284908656
Period-routed ridge,established,21,0.019972752022765255,0.14132498725549297
Period-routed ridge,established,22,0.02342499435365889,0.15305226020434617
Period-routed ridge,established,23,0.018387191195567393,0.13559937756334794
Period-routed ridge,established,24,0.02172468800773847,0.1473929713647787
Period-routed ridge,established,25,0.0232651420632425,0.15252915151944726
Period-routed ridge,established,26,0.021976864107612102,0.1482459581493273
Period-routed ridge,established,27,0.02541384242489693,0.15941719613924005
Period-routed ridge,established,28,0.023881475741667147,0.15453632499081615
Period-routed ridge,established,29,0.026865213122149952,0.16390611069191396
Period-routed ridge,established,30,0.02795552373825469,0.16719905423851741
Period-routed ridge,established,31,0.030534479704931707,0.17474117919062956
Period-routed ridge,established,32,0.03457639446998565,0.18594728949351655
Period-routed ridge,established,33,0.03375952762328129,0.18373765978503506
Period-routed ridge,established,34,0.03706344131988935,0.1925186778468244
Period-routed ridge,established,35,0.040947507050013786,0.20235490369648518
Period-routed ridge,established,36,0.03997386313077449,0.19993464714944853
Period-routed ridge,established,37,0.0452013855917554,0.21260617486741865
Period-routed ridge,established,38,0.04323735084587548,0.20793592966554741
Period-routed ridge,established,39,0.040740970964283474,0.20184392724152855
Period-routed ridge,established,40,0.04966520707023522,0.2228569206245012
Period-routed ridge,established,41,0.04442087564979606,0.210762604960643
Period-routed ridge,established,42,0.04415654168777172,0.21013457994288262
Period-routed ridge,established,43,0.04516314587606122,0.21251622497132122
Period-routed ridge,established,44,0.04285498633926652,0.20701445925168252
Period-routed ridge,established,45,0.04726905966252374,0.21741448816149245
Period-routed ridge,established,46,0.05244992596198016,0.22901948817072348
Period-routed ridge,established,47,0.04567084668714473,0.2137073856635393
Period-routed ridge,established,48,0.05200582968768581,0.22804786709742716
Period-routed ridge,held-out,1,0.014060391298722455,0.11857652085772484
Period-routed ridge,held-out,2,0.013333450328638353,0.1154705604413452
Period-routed ridge,held-out,3,0.018360767658961722,0.13550191016720659
Period-routed ridge,held-out,4,0.014443416896395138,0.12018076758115309
Period-routed ridge,held-out,5,0.016677263334419854,0.12914047906996418
Period-routed ridge,held-out,6,0.016405323468680955,0.128083267715502
Period-routed ridge,held-out,7,0.01943014546087729,0.13939205666348886
Period-routed ridge,held-out,8,0.01821536585942518,0.13496431328104916
Period-routed ridge,held-out,9,0.019406706716913434,0.13930795640204272
Period-routed ridge,held-out,10,0.018457489758349307,0.1358583444560889
Period-routed ridge,held-out,11,0.022166168465883707,0.14888306977586035
Period-routed ridge,held-out,12,0.01224457500184352,0.11065520774840884
Period-routed ridge,held-out,13,0.017448571242547044,0.13209304009881462
Period-routed ridge,held-out,14,0.015636630433487148,0.1250465130800821
Period-routed ridge,held-out,15,0.014935438140742524,0.12221063022807191
Period-routed ridge,held-out,16,0.013611163731346286,0.11666689218174231
Period-routed ridge,held-out,17,0.01265161112162585,0.11247938087323316
Period-routed ridge,held-out,18,0.015532055997296835,0.12462766946909035
Period-routed ridge,held-out,19,0.022023058574205636,0.14840167982272182
Period-routed ridge,held-out,20,0.021746016995124,0.1474653077680442
Period-routed ridge,held-out,21,0.02274521871957457,0.15081518066684987
Period-routed ridge,held-out,22,0.02205732797140666,0.1485170965626741
Period-routed ridge,held-out,23,0.022764164691941754,0.15087797947991533
Period-routed ridge,held-out,24,0.02353550507274836,0.15341285823798592
Period-routed ridge,held-out,25,0.01921046159141929,0.1386018094810428
Period-routed ridge,held-out,26,0.02297710819912722,0.1515820180599507
Period-routed ridge,held-out,27,0.02631274324261397,0.16221203174430054
Period-routed ridge,held-out,28,0.031837064910343035,0.17842943958423182
Period-routed ridge,held-out,29,0.03566011976159608,0.18883887248550305
Period-routed ridge,held-out,30,0.03714455435141874,0.19272922547299032
Period-routed ridge,held-out,31,0.039116087348958876,0.19777787375982905
Period-routed ridge,held-out,32,0.038887096696325396,0.19719811534678874
Period-routed ridge,held-out,33,0.041529683457354916,0.20378833003230318
Period-routed ridge,held-out,34,0.04920944713142628,0.22183202458487883
Period-routed ridge,held-out,35,0.044635259118744226,0.211270582710287
Period-routed ridge,held-out,36,0.04720715536629969,0.21727207682143532
Period-routed ridge,held-out,37,0.04931280132412365,0.2220648583727818
Period-routed ridge,held-out,38,0.045175147687318895,0.21254446049548997
Period-routed ridge,held-out,39,0.04220514418937751,0.20543890622123528
Period-routed ridge,held-out,40,0.04146318257111313,0.2036251029984101
Period-routed ridge,held-out,41,0.04038969872574497,0.200971885411231
Period-routed ridge,held-out,42,0.05201754231699703,0.22807354585088782
Period-routed ridge,held-out,43,0.04812125289559275,0.21936556907498667
Period-routed ridge,held-out,44,0.053104376241609914,0.23044386787591012
Period-routed ridge,held-out,45,0.05985224701451903,0.24464718885472408
Period-routed ridge,held-out,46,0.048925784281653534,0.22119173646782905
Period-routed ridge,held-out,47,0.04381134889160586,0.2093116071592922
Period-routed ridge,held-out,48,0.04492725479574558,0.21196050291444768
Raw Attention,established,1,0.020869437168782125,0.14446258051406297
Raw Attention,established,2,0.03053988992926322,0.17475665918431613
Raw Attention,established,3,0.04692395886793698,0.2166193871008248
Raw Attention,established,4,0.05783885753574551,0.24049710504649638
Raw Attention,established,5,0.07356692927899995,0.27123224232933657
Raw Attention,established,6,0.08031914556794113,0.2834063259137684
Raw Attention,established,7,0.0918952025513764,0.3031422150598237
Raw Attention,established,8,0.09395850477720458,0.30652651561847727
Raw Attention,established,9,0.1025353299236336,0.3202113831887205
Raw Attention,established,10,0.10000870561695348,0.3162415305062785
Raw Attention,established,11,0.10951882915997724,0.3309362916936993
Raw Attention,established,12,0.11967195494924514,0.3459363452273339
Raw Attention,established,13,0.12609895347658587,0.355104144549998
Raw Attention,established,14,0.12375736580465306,0.35179165112983146
Raw Attention,established,15,0.1389273953908862,0.3727296545633124
Raw Attention,established,16,0.12838475337561914,0.35830818212206533
Raw Attention,established,17,0.14302124243980688,0.3781814940472456
Raw Attention,established,18,0.13907536380466448,0.37292809468403487
Raw Attention,established,19,0.15123054546413472,0.38888371714965736
Raw Attention,established,20,0.15217161937167126,0.39009180890102174
Raw Attention,established,21,0.1545133764151484,0.3930818953031905
Raw Attention,established,22,0.17745241869199316,0.42125101625039807
Raw Attention,established,23,0.17339699622807064,0.4164096495376526
Raw Attention,established,24,0.1841428162444527,0.4291186505437077
Raw Attention,established,25,0.19023204429588178,0.43615598619746326
Raw Attention,established,26,0.19443194041637654,0.44094437338101566
Raw Attention,established,27,0.18813890092242044,0.43374981374338417
Raw Attention,established,28,0.19328264578409357,0.43963922229948227
Raw Attention,established,29,0.20284511130399405,0.4503832937665362
Raw Attention,established,30,0.2298357724627311,0.4794119027128249
Raw Attention,established,31,0.23326931884796048,0.4829796257068827
Raw Attention,established,32,0.23971297980405532,0.4896049221607717
Raw Attention,established,33,0.2584605601191477,0.5083901652462877
Raw Attention,established,34,0.2593756561806329,0.5092893638989852
Raw Attention,established,35,0.2806348140135051,0.5297497654680983
Raw Attention,established,36,0.2836553408962809,0.5325930349678645
Raw Attention,established,37,0.29531447692596974,0.5434284469237599
Raw Attention,established,38,0.2932877190852697,0.5415604482283299
Raw Attention,established,39,0.3194129467348794,0.5651663000700585
Raw Attention,established,40,0.3083766381683961,0.5553167007828921
Raw Attention,established,41,0.3119074028609678,0.5584867078641781
Raw Attention,established,42,0.28223725354908075,0.531260062068551
Raw Attention,established,43,0.27954464627388614,0.5287198183101198
Raw Attention,established,44,0.2698461492116146,0.5194671781851232
Raw Attention,established,45,0.26457452481517707,0.5143680830059123
Raw Attention,established,46,0.2662203285824873,0.5159654335151603
Raw Attention,established,47,0.2818815039700908,0.5309251397043568
Raw Attention,established,48,0.27916685672028835,0.5283624293231762
Raw Attention,held-out,1,0.030955920616765057,0.17594294705035793
Raw Attention,held-out,2,0.031700852332632215,0.17804733172005757
Raw Attention,held-out,3,0.05671896156921239,0.23815743022045816
Raw Attention,held-out,4,0.07512375284225328,0.27408712637089194
Raw Attention,held-out,5,0.10565499605004423,0.3250461444934307
Raw Attention,held-out,6,0.13643325449378543,0.3693687243037578
Raw Attention,held-out,7,0.1554839930094793,0.3943145863514046
Raw Attention,held-out,8,0.1949049608051681,0.4414804195037058
Raw Attention,held-out,9,0.21211971323631867,0.460564559249101
Raw Attention,held-out,10,0.2206450741914251,0.46972872404338345
Raw Attention,held-out,11,0.2377951185354548,0.4876424084669573
Raw Attention,held-out,12,0.2129094748710059,0.46142114696988684
Raw Attention,held-out,13,0.2415241778097059,0.4914510940161858
Raw Attention,held-out,14,0.25671117297760443,0.5066667277191235
Raw Attention,held-out,15,0.25457066793645516,0.5045499657481458
Raw Attention,held-out,16,0.2738585413445195,0.5233149542527133
Raw Attention,held-out,17,0.2601034037434714,0.5100033369924861
Raw Attention,held-out,18,0.28086826998282094,0.5299700651761577
Raw Attention,held-out,19,0.2952977429466866,0.5434130500334774
Raw Attention,held-out,20,0.2754443720926049,0.5248279452283433
Raw Attention,held-out,21,0.3000455053491383,0.547764096440373
Raw Attention,held-out,22,0.3175640324422446,0.5635282002191591
Raw Attention,held-out,23,0.3452606241274769,0.5875888223302728
Raw Attention,held-out,24,0.4200978921129954,0.6481495908453506
Raw Attention,held-out,25,0.4663581100456929,0.6829041733989425
Raw Attention,held-out,26,0.4940858221631221,0.7029123858370416
Raw Attention,held-out,27,0.4888601929347506,0.6991853780899244
Raw Attention,held-out,28,0.48773786909716,0.69838232301309
Raw Attention,held-out,29,0.4716363046310016,0.6867578209463665
Raw Attention,held-out,30,0.44201519722613836,0.6648422348393176
Raw Attention,held-out,31,0.408685824001239,0.6392854010543639
Raw Attention,held-out,32,0.3900508955390888,0.624540547554031
Raw Attention,held-out,33,0.40084369618398147,0.633122181086701
Raw Attention,held-out,34,0.4223178710406643,0.6498598856989592
Raw Attention,held-out,35,0.4601396546034655,0.6783359452391311
Raw Attention,held-out,36,0.46245686737059216,0.6800418129575505
Raw Attention,held-out,37,0.5312984955131678,0.7289022537440585
Raw Attention,held-out,38,0.5661605438825161,0.7524364052081186
Raw Attention,held-out,39,0.5484060804354025,0.7405444486561239
Raw Attention,held-out,40,0.5609336195923346,0.7489550184038656
Raw Attention,held-out,41,0.6276903469497983,0.7922691127071648
Raw Attention,held-out,42,0.6537567988719826,0.8085522857997388
Raw Attention,held-out,43,0.7118116660542096,0.843689318442642
Raw Attention,held-out,44,0.6747684117524895,0.8214428840476309
Raw Attention,held-out,45,0.6690797889574315,0.8179729756889474
Raw Attention,held-out,46,0.6590518526784721,0.8118200863975171
Raw Attention,held-out,47,0.5894213038154319,0.7677377832407573
Raw Attention,held-out,48,0.578739619050794,0.7607493799213996
Raw delay mixer,established,1,0.014417342385693732,0.1200722381972358
Raw delay mixer,established,2,0.014878545811253974,0.12197764471924342
Raw delay mixer,established,3,0.018431379571342787,0.1357622170242619
Raw delay mixer,established,4,0.022816653647807265,0.15105182437761971
Raw delay mixer,established,5,0.02427406593999257,0.15580136693878063
Raw delay mixer,established,6,0.025473884690229192,0.15960540307342103
Raw delay mixer,established,7,0.02653350084617133,0.1628910704924347
Raw delay mixer,established,8,0.027932102642187803,0.16712900000355355
Raw delay mixer,established,9,0.02724387429302519,0.16505718491791016
Raw delay mixer,established,10,0.02855274785479119,0.16897558360541676
Raw delay mixer,established,11,0.02694005730144221,0.1641342660794577
Raw delay mixer,established,12,0.027656644806476543,0.16630287071026928
Raw delay mixer,established,13,0.029560952885252435,0.17193298951990696
Raw delay mixer,established,14,0.02712469246041088,0.16469575726293278
Raw delay mixer,established,15,0.027135278985322548,0.16472789376824604
Raw delay mixer,established,16,0.03169249320055973,0.17802385570636237
Raw delay mixer,established,17,0.03171280425088824,0.17808089243624156
Raw delay mixer,established,18,0.028594765679597612,0.16909986895204152
Raw delay mixer,established,19,0.03057864088581991,0.17486749522372622
Raw delay mixer,established,20,0.034604903001619114,0.1860239312605212
Raw delay mixer,established,21,0.03106655736273506,0.17625707748267885
Raw delay mixer,established,22,0.03444792460816478,0.1856015210286941
Raw delay mixer,established,23,0.03140471831248111,0.1772137644554765
Raw delay mixer,established,24,0.03436197462999223,0.1853698320385284
Raw delay mixer,established,25,0.034156859989896295,0.18481574605508128
Raw delay mixer,established,26,0.032590577200387244,0.18052860493668932
Raw delay mixer,established,27,0.036322507892422126,0.19058464757797813
Raw delay mixer,established,28,0.03640369968816583,0.19079753585454354
Raw delay mixer,established,29,0.038090041362337415,0.19516670146912207
Raw delay mixer,established,30,0.03638627212486545,0.1907518600823212
Raw delay mixer,established,31,0.03755045481739636,0.19377939729856825
Raw delay mixer,established,32,0.04162847530707499,0.20403057444185904
Raw delay mixer,established,33,0.043095938964397326,0.2075956140297702
Raw delay mixer,established,34,0.04873287085635355,0.22075522837829584
Raw delay mixer,established,35,0.053656148274385765,0.23163796811918758
Raw delay mixer,established,36,0.058341612040314336,0.24154008371347876
Raw delay mixer,established,37,0.05741298910042609,0.2396100772096743
Raw delay mixer,established,38,0.06371040016192929,0.25240919191251593
Raw delay mixer,established,39,0.06855167825962213,0.26182375419281984
Raw delay mixer,established,40,0.072452837793104,0.2691706480898391
Raw delay mixer,established,41,0.07411072569143289,0.2722328519694728
Raw delay mixer,established,42,0.07710179971151006,0.27767210827072647
Raw delay mixer,established,43,0.07937056754946126,0.28172782530211893
Raw delay mixer,established,44,0.08795630996798834,0.29657429080752823
Raw delay mixer,established,45,0.09334778804887572,0.3055287024959778
Raw delay mixer,established,46,0.10225732417044464,0.3197769913087004
Raw delay mixer,established,47,0.10666638048386766,0.32659819424465236
Raw delay mixer,established,48,0.10999365027537276,0.3316529063273421
Raw delay mixer,held-out,1,0.019590485636679443,0.13996601600631292
Raw delay mixer,held-out,2,0.018385317923401933,0.1355924700099601
Raw delay mixer,held-out,3,0.03279185033883931,0.18108520187701507
Raw delay mixer,held-out,4,0.03358028149990119,0.18324923328598455
Raw delay mixer,held-out,5,0.03836689010594137,0.19587467959371718
Raw delay mixer,held-out,6,0.04183328544143829,0.20453186901174664
Raw delay mixer,held-out,7,0.05118620610487072,0.2262436874365133
Raw delay mixer,held-out,8,0.04529145744491447,0.2128178973792253
Raw delay mixer,held-out,9,0.04662463478838986,0.2159273831369932
Raw delay mixer,held-out,10,0.055310512778445856,0.23518187170452967
Raw delay mixer,held-out,11,0.05772590103867606,0.2402621506577265
Raw delay mixer,held-out,12,0.05437133903625556,0.23317662626484575
Raw delay mixer,held-out,13,0.056650872297368975,0.23801443716163306
Raw delay mixer,held-out,14,0.05620727746762935,0.2370807403979272
Raw delay mixer,held-out,15,0.05110207487814291,0.22605768042281357
Raw delay mixer,held-out,16,0.06262708559499673,0.25025404211520086
Raw delay mixer,held-out,17,0.06546204470665948,0.2558555152945886
Raw delay mixer,held-out,18,0.08931529789077881,0.29885665107335124
Raw delay mixer,held-out,19,0.10373552532638161,0.3220799983333048
Raw delay mixer,held-out,20,0.1081458120862917,0.32885530569886157
Raw delay mixer,held-out,21,0.11267513926559601,0.33567117729348767
Raw delay mixer,held-out,22,0.09633593674736525,0.3103803098577054
Raw delay mixer,held-out,23,0.07700002756248688,0.2774887881743817
Raw delay mixer,held-out,24,0.07318188065084688,0.2705214975761573
Raw delay mixer,held-out,25,0.05476589126353756,0.2340211342241071
Raw delay mixer,held-out,26,0.06894351085926767,0.26257096347324405
Raw delay mixer,held-out,27,0.07911120534234485,0.28126714230841976
Raw delay mixer,held-out,28,0.07022463060685577,0.2649993030308868
Raw delay mixer,held-out,29,0.0758125272095949,0.2753407474559385
Raw delay mixer,held-out,30,0.06974761883728943,0.26409774485460763
Raw delay mixer,held-out,31,0.07387305236527679,0.27179597562376967
Raw delay mixer,held-out,32,0.09179831000300721,0.30298235922740985
Raw delay mixer,held-out,33,0.13483709982386569,0.3672017154424332
Raw delay mixer,held-out,34,0.17193477986871,0.41465018976085133
Raw delay mixer,held-out,35,0.21038894975051592,0.4586817521446825
Raw delay mixer,held-out,36,0.20161227829363215,0.44901255917138017
Raw delay mixer,held-out,37,0.21279854630127865,0.46130092813832346
Raw delay mixer,held-out,38,0.20357307456862186,0.4511907297015552
Raw delay mixer,held-out,39,0.17655169878238422,0.4201805549789093
Raw delay mixer,held-out,40,0.16332863161699443,0.4041393715254608
Raw delay mixer,held-out,41,0.16342713523471294,0.404261221532208
Raw delay mixer,held-out,42,0.19049931733238312,0.4364622748100724
Raw delay mixer,held-out,43,0.21536034176280247,0.4640693286167515
Raw delay mixer,held-out,44,0.20430189322448164,0.45199766949009995
Raw delay mixer,held-out,45,0.24550651668467935,0.49548614176854566
Raw delay mixer,held-out,46,0.2875928693814845,0.5362768588905217
Raw delay mixer,held-out,47,0.329094771593844,0.573667823390718
Raw delay mixer,held-out,48,0.38591824194715346,0.6212231820748108
Attention + decomposition,established,1,0.022340003599100842,0.14946572717215423
Attention + decomposition,established,2,0.023380906587117216,0.15290816389950282
Attention + decomposition,established,3,0.030325372583357643,0.17414181744588988
Attention + decomposition,established,4,0.030408748969908608,0.1743810453286383
Attention + decomposition,established,5,0.0399749163057384,0.19993728093014168
Attention + decomposition,established,6,0.038856755171541454,0.19712116875551813
Attention + decomposition,established,7,0.04956665031197026,0.22263568966356284
Attention + decomposition,established,8,0.050708963388563136,0.22518650800739182
Attention + decomposition,established,9,0.0534568421580219,0.2312073574911099
Attention + decomposition,established,10,0.05281879291185423,0.22982339504901197
Attention + decomposition,established,11,0.05753897119992821,0.23987282297069046
Attention + decomposition,established,12,0.05398311499767042,0.23234266719152213
Attention + decomposition,established,13,0.05429722276312656,0.23301764474632938
Attention + decomposition,established,14,0.05030039468262087,0.22427749481974527
Attention + decomposition,established,15,0.05550905216244857,0.23560359114930438
Attention + decomposition,established,16,0.05673389857671159,0.2381887876805111
Attention + decomposition,established,17,0.06028545846636939,0.24553097251949577
Attention + decomposition,established,18,0.06387205061534355,0.2527292041204252
Attention + decomposition,established,19,0.06776433694267799,0.26031584074481134
Attention + decomposition,established,20,0.06510282357915706,0.25515254962307754
Attention + decomposition,established,21,0.07730421682727392,0.2780363588224999
Attention + decomposition,established,22,0.0797747655729924,0.2824442698533507
Attention + decomposition,established,23,0.07772615144940984,0.2787941022500473
Attention + decomposition,established,24,0.076627144181052,0.2768160836747966
Attention + decomposition,established,25,0.07745559786783282,0.27830845813203886
Attention + decomposition,established,26,0.07413550831651908,0.2722783654947985
Attention + decomposition,established,27,0.07999893085401816,0.28284082246736975
Attention + decomposition,established,28,0.08294016225821747,0.2879933371767782
Attention + decomposition,established,29,0.09003025756128413,0.30005042503100066
Attention + decomposition,established,30,0.10080553892012206,0.31749888018719385
Attention + decomposition,established,31,0.09721818033346416,0.31179830072254106
Attention + decomposition,established,32,0.10519744620907119,0.32434155794327557
Attention + decomposition,established,33,0.11761815382495797,0.3429550317825326
Attention + decomposition,established,34,0.12564341940230644,0.35446215510588214
Attention + decomposition,established,35,0.1247661604172775,0.3532225366780516
Attention + decomposition,established,36,0.13167530401578534,0.3628709192202998
Attention + decomposition,established,37,0.13778948988262782,0.37120006719103354
Attention + decomposition,established,38,0.1424566562081449,0.3774343071425078
Attention + decomposition,established,39,0.1451650354062353,0.381005295771903
Attention + decomposition,established,40,0.13190802812882085,0.3631914483145506
Attention + decomposition,established,41,0.12846393256680486,0.3584186554391454
Attention + decomposition,established,42,0.13482824930462797,0.3671896639403511
Attention + decomposition,established,43,0.1241406708993556,0.3523360198721607
Attention + decomposition,established,44,0.1402815303444179,0.37454176048128185
Attention + decomposition,established,45,0.1406955070920085,0.37509399767526075
Attention + decomposition,established,46,0.15896141628828717,0.3986996567446317
Attention + decomposition,established,47,0.1545537475285051,0.39313324398797045
Attention + decomposition,established,48,0.15940145359981134,0.39925111596564306
Attention + decomposition,held-out,1,0.021565078781472576,0.14685053211164262
Attention + decomposition,held-out,2,0.029264533316293133,0.17106879702708244
Attention + decomposition,held-out,3,0.03762537724168346,0.19397261982476666
Attention + decomposition,held-out,4,0.037074518341062644,0.1925474443898507
Attention + decomposition,held-out,5,0.044230871173190064,0.21031136719918414
Attention + decomposition,held-out,6,0.04892245276044057,0.22118420549496876
Attention + decomposition,held-out,7,0.07027384021956774,0.26509213534084286
Attention + decomposition,held-out,8,0.07152038900773183,0.26743296170766206
Attention + decomposition,held-out,9,0.08087180873723097,0.2843796911476468
Attention + decomposition,held-out,10,0.10181750125501801,0.31908854767136036
Attention + decomposition,held-out,11,0.10766476801367064,0.3281230988724668
Attention + decomposition,held-out,12,0.1118944426011326,0.3345062669086076
Attention + decomposition,held-out,13,0.11161644816241369,0.3340904790059329
Attention + decomposition,held-out,14,0.1179083795785777,0.3433778961706442
Attention + decomposition,held-out,15,0.0993765735383394,0.31524050110723306
Attention + decomposition,held-out,16,0.09302107971721098,0.304993573239193
Attention + decomposition,held-out,17,0.09363888010827275,0.30600470602308183
Attention + decomposition,held-out,18,0.1239008040037777,0.3519954602033636
Attention + decomposition,held-out,19,0.1317702649005521,0.36300174228308063
Attention + decomposition,held-out,20,0.1451980064703557,0.381048561826909
Attention + decomposition,held-out,21,0.1418330576413795,0.37660729897517853
Attention + decomposition,held-out,22,0.15982073168706062,0.3997758518058096
Attention + decomposition,held-out,23,0.12735975747396736,0.3568749885799891
Attention + decomposition,held-out,24,0.1520975030083446,0.3899967987155082
Attention + decomposition,held-out,25,0.1470652456595777,0.38349086776555413
Attention + decomposition,held-out,26,0.16358650860395266,0.40445829031428276
Attention + decomposition,held-out,27,0.16304556710332263,0.4037890131037775
Attention + decomposition,held-out,28,0.17896466726331187,0.423042157784909
Attention + decomposition,held-out,29,0.19431934752933516,0.44081668245352873
Attention + decomposition,held-out,30,0.20072469247285238,0.44802309368251586
Attention + decomposition,held-out,31,0.2054088128669216,0.45322049034319
Attention + decomposition,held-out,32,0.23416769288097974,0.48390876503839003
Attention + decomposition,held-out,33,0.28124538482212563,0.5303257346406316
Attention + decomposition,held-out,34,0.3173133179420501,0.5633057055827236
Attention + decomposition,held-out,35,0.3667026260703577,0.6055597625918995
Attention + decomposition,held-out,36,0.34389695384145585,0.586427279243945
Attention + decomposition,held-out,37,0.3158352045884013,0.5619921748462351
Attention + decomposition,held-out,38,0.32563129867920143,0.5706411295018976
Attention + decomposition,held-out,39,0.28873912665022966,0.5373445139295921
Attention + decomposition,held-out,40,0.24892098560654213,0.49891981881515
Attention + decomposition,held-out,41,0.26614603570656237,0.5158934344480092
Attention + decomposition,held-out,42,0.2671031231764838,0.5168202039166849
Attention + decomposition,held-out,43,0.32331879259476626,0.56861128426612
Attention + decomposition,held-out,44,0.3523993977527092,0.5936323759303473
Attention + decomposition,held-out,45,0.3600789716710784,0.6000658061171944
Attention + decomposition,held-out,46,0.37195725113332745,0.6098829815081968
Attention + decomposition,held-out,47,0.35728477018477683,0.5977330258441279
Attention + decomposition,held-out,48,0.347121321929084,0.5891700280301808
Autoformer-inspired,established,1,0.01835729741064567,0.13548910439827133
Autoformer-inspired,established,2,0.017805327776556194,0.133436605834217
Autoformer-inspired,established,3,0.020150088919080128,0.14195100886953965
Autoformer-inspired,established,4,0.02544219089139885,0.15950608418301432
Autoformer-inspired,established,5,0.02361960357690266,0.15368670592117803
Autoformer-inspired,established,6,0.026771684931255337,0.163620551677518
Autoformer-inspired,established,7,0.02702685551233777,0.1643984656629671
Autoformer-inspired,established,8,0.02707893396889401,0.16455678037958207
Autoformer-inspired,established,9,0.02668974316678944,0.16336995796898962
Autoformer-inspired,established,10,0.02473086438082267,0.15726049847569054
Autoformer-inspired,established,11,0.023549735989893357,0.15345923233840758
Autoformer-inspired,established,12,0.025889623041481867,0.16090252652299114
Autoformer-inspired,established,13,0.023508958892886338,0.153326315069809
Autoformer-inspired,established,14,0.024822763186568387,0.15755241409311502
Autoformer-inspired,established,15,0.024270665999518885,0.15579045541854894
Autoformer-inspired,established,16,0.02806372720501038,0.16752231852804086
Autoformer-inspired,established,17,0.026562474159143847,0.16297998085391913
Autoformer-inspired,established,18,0.023859729040771584,0.1544659478356689
Autoformer-inspired,established,19,0.029399872215393686,0.17146390936693845
Autoformer-inspired,established,20,0.029940140324103387,0.17303219447288815
Autoformer-inspired,established,21,0.02933836726443991,0.17128446299778596
Autoformer-inspired,established,22,0.036430177580228686,0.19086691064778274
Autoformer-inspired,established,23,0.03303871159409986,0.18176554017222257
Autoformer-inspired,established,24,0.031730584876979044,0.17813080833190828
Autoformer-inspired,established,25,0.03081058354158863,0.17552943782052238
Autoformer-inspired,established,26,0.03199368999368748,0.17886780032663083
Autoformer-inspired,established,27,0.036080419020691055,0.1899484641177471
Autoformer-inspired,established,28,0.036202756662776205,0.19027022011543532
Autoformer-inspired,established,29,0.03636150538345319,0.19068693029007833
Autoformer-inspired,established,30,0.04514609812526873,0.2124761118932402
Autoformer-inspired,established,31,0.0448235746530927,0.21171578744414102
Autoformer-inspired,established,32,0.049561304406588146,0.2226236833910268
Autoformer-inspired,established,33,0.054128839621894645,0.23265605434180012
Autoformer-inspired,established,34,0.05618753215066496,0.23703909413990124
Autoformer-inspired,established,35,0.0617665027257023,0.24852867586196628
Autoformer-inspired,established,36,0.054668941886757826,0.23381390439141514
Autoformer-inspired,established,37,0.06245036482346367,0.2499007099298913
Autoformer-inspired,established,38,0.06184844681940538,0.2486934796479501
Autoformer-inspired,established,39,0.061957294508919195,0.2489122224980509
Autoformer-inspired,established,40,0.06500979653094734,0.25497018753365525
Autoformer-inspired,established,41,0.06509594490661806,0.2551390697376983
Autoformer-inspired,established,42,0.06468535630237915,0.2543331600526741
Autoformer-inspired,established,43,0.05806714038469019,0.2409712438958022
Autoformer-inspired,established,44,0.05492185026192452,0.23435411296139977
Autoformer-inspired,established,45,0.05740467559344077,0.23959272859049954
Autoformer-inspired,established,46,0.05548134982418171,0.23554479366817196
Autoformer-inspired,established,47,0.06320562094542734,0.2514072810111659
Autoformer-inspired,established,48,0.05638040540710548,0.2374455840968736
Autoformer-inspired,held-out,1,0.021360336761590583,0.14615175935167726
Autoformer-inspired,held-out,2,0.023580695916439517,0.1535600726635655
Autoformer-inspired,held-out,3,0.02753918988240545,0.1659493593913681
Autoformer-inspired,held-out,4,0.025285631971643394,0.15901456528143387
Autoformer-inspired,held-out,5,0.030003280970055033,0.1732145518426643
Autoformer-inspired,held-out,6,0.03861770575880924,0.19651388184759172
Autoformer-inspired,held-out,7,0.035310891145446936,0.18791192390438383
Autoformer-inspired,held-out,8,0.027402076036664336,0.16553572435176744
Autoformer-inspired,held-out,9,0.02607188510973313,0.16146790736778974
Autoformer-inspired,held-out,10,0.03401568371882429,0.18443341269635577
Autoformer-inspired,held-out,11,0.03144965620747139,0.17734050921171784
Autoformer-inspired,held-out,12,0.032866682910504035,0.18129170667877786
Autoformer-inspired,held-out,13,0.038442178621888735,0.19606677082537147
Autoformer-inspired,held-out,14,0.03481871303451741,0.186597730518132
Autoformer-inspired,held-out,15,0.03487703912406407,0.1867539534362367
Autoformer-inspired,held-out,16,0.0423419862353067,0.20577168472680274
Autoformer-inspired,held-out,17,0.036845832778911215,0.19195268369812185
Autoformer-inspired,held-out,18,0.04423885331505107,0.21033034330559885
Autoformer-inspired,held-out,19,0.04938504086928821,0.22222745300544713
Autoformer-inspired,held-out,20,0.04462575792897164,0.21124809568129044
Autoformer-inspired,held-out,21,0.04531908323079043,0.21288279223739628
Autoformer-inspired,held-out,22,0.039929410246353554,0.19982344768908766
Autoformer-inspired,held-out,23,0.03293628397246562,0.18148356391823922
Autoformer-inspired,held-out,24,0.056220414181014075,0.23710844392601052
Autoformer-inspired,held-out,25,0.047741785405736786,0.21849893685264646
Autoformer-inspired,held-out,26,0.06813570035930927,0.2610281600887331
Autoformer-inspired,held-out,27,0.07261814653651305,0.269477543659046
Autoformer-inspired,held-out,28,0.0792870026895191,0.2815794784594913
Autoformer-inspired,held-out,29,0.08289002059080242,0.28790627049580286
Autoformer-inspired,held-out,30,0.0751302017616632,0.2740988904787161
Autoformer-inspired,held-out,31,0.05932218335829892,0.24356145704585305
Autoformer-inspired,held-out,32,0.045809810990533835,0.21403226623697147
Autoformer-inspired,held-out,33,0.05230369200364568,0.22870000438051086
Autoformer-inspired,held-out,34,0.06073621767134274,0.2464471904310186
Autoformer-inspired,held-out,35,0.07512696958615447,0.2740929944127622
Autoformer-inspired,held-out,36,0.07867472016313123,0.2804901427200807
Autoformer-inspired,held-out,37,0.07370293354955777,0.2714828420905413
Autoformer-inspired,held-out,38,0.08448036742259592,0.2906550660535541
Autoformer-inspired,held-out,39,0.08835495983940153,0.2972456220693612
Autoformer-inspired,held-out,40,0.06944367655597167,0.2635216813773995
Autoformer-inspired,held-out,41,0.08338752109356229,0.2887689752961046
Autoformer-inspired,held-out,42,0.0868061141652907,0.2946287734850259
Autoformer-inspired,held-out,43,0.10199542074050906,0.3193672192641397
Autoformer-inspired,held-out,44,0.09983388228255596,0.3159650016735334
Autoformer-inspired,held-out,45,0.1075084702945298,0.3278848430387257
Autoformer-inspired,held-out,46,0.098725318610929,0.31420585387756383
Autoformer-inspired,held-out,47,0.09827077785424938,0.3134817025828611
Autoformer-inspired,held-out,48,0.08861807282740818,0.2976878782003194
